{"version": 0, "enable": true, "interpolate": true, "curve": [{"x": 0.2740740740740741, "y": 0.815}, {"x": 0.725925925925926, "y": 0.665}, {"x": 0.9074074074074074, "y": 0.08}]}